episode,topic,status,source_confirmed,note
EP01,회의록 정리,published_to_notion,yes,"1일차 03_회의록정리 - 실제 회의록_양식.docx/프롬프트.txt 확보, Notion 배포 페이지에 이미 반영됨. 카드 제작은 아직."
EP02,보고서/현안보고 표준화,draft,yes,"1일차 03/06 표준문서_작성가이드.txt 확보. 정호님이 EP2 소스를 다른 것으로 교체하겠다고 하셔서 자료 확인 중 - 최신 버전 확인 후 ready 전환."
EP03,엉망인 폴더 AI로 정리하기,in_production,yes,"1일차 04_폴더파일정리 - 프롬프트.txt(파일명 규칙+폴더 분류, 승인 후 실행) 확보. Before(뒤섞인 폴더)->After(규칙대로 정리된 폴더) 시각 임팩트 좋음."
EP04,분기별 매출 데이터 하나로 합치기,in_production,yes,"1일차 05_매출통합 - 프롬프트.txt(4개 분기 엑셀 통합+검증) 확보. Before(따로따로 엑셀 4개)->After(통합 시트+요약) 표 프레임."
EP05,발표자료(PPT) 스킬로 5분만에 만들기,draft,partial,"1일차 07_발표자료Skill - auto-slide.zip 스킬 설치가 필요해 배포 방식이 다름(파일+프롬프트가 아니라 스킬 설치). 배포 방법 별도 설계 필요."
EP06,지출결의/영수증 정리,draft,no,"백로그 후보 - 1일차 자료에 없음. 2일차 이후 자료 있는지 확인 필요."
EP07,출장 예약/정산,draft,no,"백로그 후보 - 원본 자료 미확보."
EP08,메일 관리 자동화,draft,no,"백로그 후보 - 원본 자료 미확보."
EP09,일정 관리 자동화,draft,no,"백로그 후보 - 원본 자료 미확보."
EP10,리서치 후 일정 등록,draft,no,"백로그 후보 - 원본 자료 미확보."
EP11,엑셀 스킬 (함수/피벗 자동화),draft,no,"백로그 후보 - 05_매출통합과 겹칠 수 있어 차별화 필요."
EP12,구글폼 자동 생성,draft,no,"백로그 후보 - 원본 자료 미확보."
EP13,고객사별 견적서 자동 생성,draft,partial,"1일차 04_폴더파일정리 안에 견적서_양식.docx 있으나 영문 B2B 샘플이라 국내 직장인 타깃과 맞지 않음. 실제 한글 견적서 양식 필요. 신뢰 쌓인 뒤 배치 권장(스킬 가이드 원칙)."
EP14,결재 문서 자동 작성,draft,partial,"1일차 04_폴더파일정리 안에 결재_양식.docx 있음. 실제 사용 맥락(기안 내용 예시) 추가 확보 필요."
EP15,통합 보고서 (매출+비용+운영지표+VOC),draft,partial,"1일차 04_폴더파일정리 안에 매출/비용/운영지표/영수증 원본 있음 - 여러 자료를 하나의 보고서로 합치는 상위 편으로 기획 가능, 기획 상세화 필요."
EP16,회의메모 손글씨 사진→회의록,draft,yes,"1일차 03_회의록정리 안에 손글씨_회의메모.png 확보 - EP01과 소재 겹치므로 'OCR+정리' 각도로 차별화 필요."
EP17,엑셀 매출 대시보드 자동화,draft,no,"백로그 후보 - 원본 자료 미확보."
EP18,고객 문의 이메일 자동 분류/답변 초안,draft,partial,"1일차 04_폴더파일정리 안 고객문의_3분기.txt 활용 가능 - 기획 상세화 필요."
EP19,기획안 다듬기 (초안→표준 기획서),draft,partial,"1일차 04_폴더파일정리 안 기획안_4분기_초안.txt 활용 가능 - EP02(보고서 표준화)와 겹칠 수 있어 차별화 필요."
EP20,회의 결과→Action Item 자동 트래킹,draft,no,"백로그 후보 - 원본 자료 미확보. EP01 연계 후속편으로 기획 가능."
